--///////////////////////// DATOS TABLA  tipos_vehiculos 
insert into Tipos_Vehiculos (tipo_id, tipo_descripcion, tipo_nombre) values (1, 'Zandalee', 'Pesado');
insert into Tipos_Vehiculos (tipo_id, tipo_descripcion, tipo_nombre) values (2, 'Shanghai Ghetto', 'Liviano');
insert into Tipos_Vehiculos (tipo_id, tipo_descripcion, tipo_nombre) values (3, 'Below Sea Level', 'Van');
insert into Tipos_Vehiculos (tipo_id, tipo_descripcion, tipo_nombre) values (4, 'Lost Horizon', '4X4');
insert into Tipos_Vehiculos (tipo_id, tipo_descripcion, tipo_nombre) values (5, 'Lady Terminator', 'Camion');


--///////////////////////// DATOS TABLA  desechos 

insert into Desechos (desecho_id, desecho_nombre, desecho_descripcion, desecho_estado) values (1, 'Residuo comercial', 'SCROPHULOUS HP', 1);
insert into Desechos (desecho_id, desecho_nombre, desecho_descripcion, desecho_estado) values (2, 'Residuo domiciliario', 'Erythromycin-Benzoyl Peroxide', 1);
insert into Desechos (desecho_id, desecho_nombre, desecho_descripcion, desecho_estado) values (3, 'Residuo agricola', 'SCROPHULOUS HP', 1);
insert into Desechos (desecho_id, desecho_nombre, desecho_descripcion, desecho_estado) values (4, 'Residuo biomedico', 'Erythromycin-Benzoyl Peroxide', 1);
insert into Desechos (desecho_id, desecho_nombre, desecho_descripcion, desecho_estado) values (5, 'Residuo industrial',  'SCROPHULOUS HP', 1);
insert into Desechos (desecho_id, desecho_nombre, desecho_descripcion, desecho_estado) values (6, 'Residuo construccion','Erythromycin-Benzoyl Peroxide', 1);


--///////////////////////// DATOS TABLA  municipios 

INSERT INTO Municipios (municipio_id, municipio_nombre , municipio_codigo_postal,municipio_estado) VALUES(1, 'Antioquia', 5, 1);
INSERT INTO Municipios (municipio_id, municipio_nombre , municipio_codigo_postal,municipio_estado) VALUES(2, 'Atlantico', 8, 1);
INSERT INTO Municipios (municipio_id, municipio_nombre , municipio_codigo_postal,municipio_estado) VALUES(3, 'D. C. Santa Fe de Bogotá', 11, 1);
INSERT INTO Municipios (municipio_id, municipio_nombre , municipio_codigo_postal,municipio_estado) VALUES(4, 'Bolivar', 13, 1);
INSERT INTO Municipios (municipio_id, municipio_nombre , municipio_codigo_postal,municipio_estado) VALUES(5, 'Boyaca', 15, 1);
INSERT INTO Municipios (municipio_id, municipio_nombre , municipio_codigo_postal,municipio_estado) VALUES(6, 'Caldas', 17, 1);
INSERT INTO Municipios (municipio_id, municipio_nombre , municipio_codigo_postal,municipio_estado) VALUES(7, 'Caqueta', 18, 1);
INSERT INTO Municipios (municipio_id, municipio_nombre , municipio_codigo_postal,municipio_estado) VALUES(8, 'Cauca', 19, 1);
INSERT INTO Municipios (municipio_id, municipio_nombre , municipio_codigo_postal,municipio_estado) VALUES(9, 'Cesar', 20, 1);
INSERT INTO Municipios (municipio_id, municipio_nombre , municipio_codigo_postal,municipio_estado) VALUES(10, 'Cordova', 23, 1);
INSERT INTO Municipios (municipio_id, municipio_nombre , municipio_codigo_postal,municipio_estado) VALUES(11, 'Cundinamarca', 25, 1);
INSERT INTO Municipios (municipio_id, municipio_nombre , municipio_codigo_postal,municipio_estado) VALUES(12, 'Choco', 27, 1);
INSERT INTO Municipios (municipio_id, municipio_nombre , municipio_codigo_postal,municipio_estado) VALUES(13, 'Huila', 41, 1);
INSERT INTO Municipios (municipio_id, municipio_nombre , municipio_codigo_postal,municipio_estado) VALUES(14, 'La Guajira', 44, 1);
INSERT INTO Municipios (municipio_id, municipio_nombre , municipio_codigo_postal,municipio_estado) VALUES(15, 'Magdalena', 47, 1);
INSERT INTO Municipios (municipio_id, municipio_nombre , municipio_codigo_postal,municipio_estado) VALUES(16, 'Meta', 50, 1);
INSERT INTO Municipios (municipio_id, municipio_nombre , municipio_codigo_postal,municipio_estado) VALUES(17, 'Nariño', 52, 1);
INSERT INTO Municipios (municipio_id, municipio_nombre , municipio_codigo_postal,municipio_estado) VALUES(18, 'Norte de Santander', 54, 1);
INSERT INTO Municipios (municipio_id, municipio_nombre , municipio_codigo_postal,municipio_estado) VALUES(19, 'Quindio', 63, 1);
INSERT INTO Municipios (municipio_id, municipio_nombre , municipio_codigo_postal,municipio_estado) VALUES(20, 'Risaralda', 66, 1);
INSERT INTO Municipios (municipio_id, municipio_nombre , municipio_codigo_postal,municipio_estado) VALUES(21, 'Santander', 68, 1);
INSERT INTO Municipios (municipio_id, municipio_nombre , municipio_codigo_postal,municipio_estado) VALUES(22, 'Sucre', 70, 1);
INSERT INTO Municipios (municipio_id, municipio_nombre , municipio_codigo_postal,municipio_estado) VALUES(23, 'Tolima', 73, 1);
INSERT INTO Municipios (municipio_id, municipio_nombre , municipio_codigo_postal,municipio_estado) VALUES(24, 'Valle', 76, 1);
INSERT INTO Municipios (municipio_id, municipio_nombre , municipio_codigo_postal,municipio_estado) VALUES(25, 'Arauca', 81, 1);
INSERT INTO Municipios (municipio_id, municipio_nombre , municipio_codigo_postal,municipio_estado) VALUES(26, 'Casanare', 85, 1);
INSERT INTO Municipios (municipio_id, municipio_nombre , municipio_codigo_postal,municipio_estado) VALUES(27, 'Putumayo', 86, 1);
INSERT INTO Municipios (municipio_id, municipio_nombre , municipio_codigo_postal,municipio_estado) VALUES(28, 'San Andres', 88, 1);
INSERT INTO Municipios (municipio_id, municipio_nombre , municipio_codigo_postal,municipio_estado) VALUES(29, 'Amazonas', 91, 1);
INSERT INTO Municipios (municipio_id, municipio_nombre , municipio_codigo_postal,municipio_estado) VALUES(30, 'Guainia', 94, 1);
INSERT INTO Municipios (municipio_id, municipio_nombre , municipio_codigo_postal,municipio_estado) VALUES(31, 'Guaviare', 95, 1);
INSERT INTO Municipios (municipio_id, municipio_nombre , municipio_codigo_postal,municipio_estado) VALUES(32, 'Vaupes', 97, 1);
INSERT INTO Municipios (municipio_id, municipio_nombre , municipio_codigo_postal,municipio_estado) VALUES(33, 'Vichada', 99, 1);


--///////////////////////// DATOS TABLA  rutas 
insert into Rutas (ruta_id, municipio_id, ruta_nombre, ruta_descripcion, ruta_fecha_inicio, ruta_fecha_finalizacion, ruta_estado) values (1, 2, 'Mybuzz', 'pcjkybfnuafwxvp', '13/05/2020', '18/05/2020', 1);
insert into Rutas (ruta_id, municipio_id, ruta_nombre, ruta_descripcion, ruta_fecha_inicio, ruta_fecha_finalizacion, ruta_estado) values (2, 27, 'Tavu', 'elmiwzisfshfgxt', '13/05/2020', '18/05/2020', 1);
insert into Rutas (ruta_id, municipio_id, ruta_nombre, ruta_descripcion, ruta_fecha_inicio, ruta_fecha_finalizacion, ruta_estado) values (3, 8, 'Oloo', 'bapnhcnyneoyzvx', '13/05/2020', '18/05/2020', 1);
insert into Rutas (ruta_id, municipio_id, ruta_nombre, ruta_descripcion, ruta_fecha_inicio, ruta_fecha_finalizacion, ruta_estado) values (4, 17, 'Kamba', 'ksbiinaiajixbwj', '13/05/2020', '18/05/2020', 1);
insert into Rutas (ruta_id, municipio_id, ruta_nombre, ruta_descripcion, ruta_fecha_inicio, ruta_fecha_finalizacion, ruta_estado) values (5, 24, 'Fatz', 'wlxrlvybgprxlcj', '13/05/2020', '18/05/2020', 1);
insert into Rutas (ruta_id, municipio_id, ruta_nombre, ruta_descripcion, ruta_fecha_inicio, ruta_fecha_finalizacion, ruta_estado) values (6, 21, 'Wikivu', 'sknhtntnxeyolno', '13/05/2020', '18/05/2020', 1);
insert into Rutas (ruta_id, municipio_id, ruta_nombre, ruta_descripcion, ruta_fecha_inicio, ruta_fecha_finalizacion, ruta_estado) values (7, 6, 'Jayo', 'jsfybnsriyhemyo', '13/05/2020', '18/05/2020', 1);
insert into Rutas (ruta_id, municipio_id, ruta_nombre, ruta_descripcion, ruta_fecha_inicio, ruta_fecha_finalizacion, ruta_estado) values (8, 32, 'Izio', 'lerwmcbfzlsfybh', '13/05/2020', '18/05/2020', 1);
insert into Rutas (ruta_id, municipio_id, ruta_nombre, ruta_descripcion, ruta_fecha_inicio, ruta_fecha_finalizacion, ruta_estado) values (9, 9, 'Jabbertype', 'dvulxwygcfyvceg', '13/05/2020', '18/05/2020', 1);
insert into Rutas (ruta_id, municipio_id, ruta_nombre, ruta_descripcion, ruta_fecha_inicio, ruta_fecha_finalizacion, ruta_estado) values (10, 15, 'Gabspot', 'pqqbynwsngabpjb', '13/05/2020', '18/05/2020', 1);


--///////////////////////// DATOS TABLA  contratistas 

insert into Contratistas (contratista_id, contratista_nit, contratista_nombre, contratista_celular, contratista_direccion, contratista_correo, contratista_contrasena, contratista_fecha_creacion, contratista_ultima_facturacion) values (1, '2776233485', 'Jabbersphere', '1447973557', '035 Sachs Hill', 'obeaty0@wufoo.com', 's6cfl0v3uDK', '28/09/2013', '01/02/2020');
insert into Contratistas (contratista_id, contratista_nit, contratista_nombre, contratista_celular, contratista_direccion, contratista_correo, contratista_contrasena, contratista_fecha_creacion, contratista_ultima_facturacion) values (2, '6229399644', 'Pixonyx', '8146532106', '7 Lindbergh Court', 'ahinemoor1@goo.gl', 'gzBPccz2', '28/12/2013', '01/02/2020');
insert into Contratistas (contratista_id, contratista_nit, contratista_nombre, contratista_celular, contratista_direccion, contratista_correo, contratista_contrasena, contratista_fecha_creacion, contratista_ultima_facturacion) values (3, '5542191118', 'Oba', '1174209671', '150 Rowland Pass', 'cmarchetti2@oaic.gov.au', 'ydbdFgzmJc', '11/11/2013', '01/02/2020');

--///////////////////////// DATOS TABLA  contratistas_tarifan_desechos 

INSERT INTO CONTRATISTAS_TARIFAN_DESECHOS(CONTRATISTA_ID, DESECHO_ID, CONTRATISTAS_TARIFAN_DESECHOS_PRECIO_KILO) VALUES
(3, 2, 5549);
INSERT INTO CONTRATISTAS_TARIFAN_DESECHOS(CONTRATISTA_ID, DESECHO_ID, CONTRATISTAS_TARIFAN_DESECHOS_PRECIO_KILO) VALUES
(1, 6, 5165);
INSERT INTO CONTRATISTAS_TARIFAN_DESECHOS(CONTRATISTA_ID, DESECHO_ID, CONTRATISTAS_TARIFAN_DESECHOS_PRECIO_KILO) VALUES
(3, 6, 6494);
INSERT INTO CONTRATISTAS_TARIFAN_DESECHOS(CONTRATISTA_ID, DESECHO_ID, CONTRATISTAS_TARIFAN_DESECHOS_PRECIO_KILO) VALUES
(1, 3, 6221);
INSERT INTO CONTRATISTAS_TARIFAN_DESECHOS(CONTRATISTA_ID, DESECHO_ID, CONTRATISTAS_TARIFAN_DESECHOS_PRECIO_KILO) VALUES
(2, 3, 7765);
INSERT INTO CONTRATISTAS_TARIFAN_DESECHOS(CONTRATISTA_ID, DESECHO_ID, CONTRATISTAS_TARIFAN_DESECHOS_PRECIO_KILO) VALUES
(3, 3, 5658);
INSERT INTO CONTRATISTAS_TARIFAN_DESECHOS(CONTRATISTA_ID, DESECHO_ID, CONTRATISTAS_TARIFAN_DESECHOS_PRECIO_KILO) VALUES
(1, 5, 7941);
INSERT INTO CONTRATISTAS_TARIFAN_DESECHOS(CONTRATISTA_ID, DESECHO_ID, CONTRATISTAS_TARIFAN_DESECHOS_PRECIO_KILO) VALUES
(1, 1, 5778);
INSERT INTO CONTRATISTAS_TARIFAN_DESECHOS(CONTRATISTA_ID, DESECHO_ID, CONTRATISTAS_TARIFAN_DESECHOS_PRECIO_KILO) VALUES
(1, 2, 7030);
INSERT INTO CONTRATISTAS_TARIFAN_DESECHOS(CONTRATISTA_ID, DESECHO_ID, CONTRATISTAS_TARIFAN_DESECHOS_PRECIO_KILO) VALUES
(2, 1, 6010);
INSERT INTO CONTRATISTAS_TARIFAN_DESECHOS(CONTRATISTA_ID, DESECHO_ID, CONTRATISTAS_TARIFAN_DESECHOS_PRECIO_KILO) VALUES
(3, 4, 5483);
INSERT INTO CONTRATISTAS_TARIFAN_DESECHOS(CONTRATISTA_ID, DESECHO_ID, CONTRATISTAS_TARIFAN_DESECHOS_PRECIO_KILO) VALUES
(2, 6, 5978);
INSERT INTO CONTRATISTAS_TARIFAN_DESECHOS(CONTRATISTA_ID, DESECHO_ID, CONTRATISTAS_TARIFAN_DESECHOS_PRECIO_KILO) VALUES
(3, 1, 5466);
INSERT INTO CONTRATISTAS_TARIFAN_DESECHOS(CONTRATISTA_ID, DESECHO_ID, CONTRATISTAS_TARIFAN_DESECHOS_PRECIO_KILO) VALUES
(2, 5, 6042);
INSERT INTO CONTRATISTAS_TARIFAN_DESECHOS(CONTRATISTA_ID, DESECHO_ID, CONTRATISTAS_TARIFAN_DESECHOS_PRECIO_KILO) VALUES
(3, 5, 5665);
INSERT INTO CONTRATISTAS_TARIFAN_DESECHOS(CONTRATISTA_ID, DESECHO_ID, CONTRATISTAS_TARIFAN_DESECHOS_PRECIO_KILO) VALUES
(1, 4, 7364);
INSERT INTO CONTRATISTAS_TARIFAN_DESECHOS(CONTRATISTA_ID, DESECHO_ID, CONTRATISTAS_TARIFAN_DESECHOS_PRECIO_KILO) VALUES
(2, 4, 7429);
INSERT INTO CONTRATISTAS_TARIFAN_DESECHOS(CONTRATISTA_ID, DESECHO_ID, CONTRATISTAS_TARIFAN_DESECHOS_PRECIO_KILO) VALUES
(2, 2, 5494);


--///////////////////////// DATOS TABLA  vehiculos 

insert into Vehiculos (vehiculo_id, contratista_id, ruta_id, tipo_id, vehiculo_marca, vehiculo_placa, vehiculo_modelo, vehiculo_peso, vehiculo_fecha_creacion, vehiculo_estado) values (1, 3, 10, 2, 'Nissan', '3D73M4CL6BG677279', 2007, 100, '15/03/2014', 1);
insert into Vehiculos (vehiculo_id, contratista_id, ruta_id, tipo_id, vehiculo_marca, vehiculo_placa, vehiculo_modelo, vehiculo_peso, vehiculo_fecha_creacion, vehiculo_estado) values (2, 3, 4, 2, 'Nissan', '1FMJK1H56CE408037', 2010, 100, '22/04/2014', 1);
insert into Vehiculos (vehiculo_id, contratista_id, ruta_id, tipo_id, vehiculo_marca, vehiculo_placa, vehiculo_modelo, vehiculo_peso, vehiculo_fecha_creacion, vehiculo_estado) values (3, 3, 6, 5, 'Acura', 'WAUAC68D01A041128', 2005, 100, '26/03/2014', 1);
insert into Vehiculos (vehiculo_id, contratista_id, ruta_id, tipo_id, vehiculo_marca, vehiculo_placa, vehiculo_modelo, vehiculo_peso, vehiculo_fecha_creacion, vehiculo_estado) values (4, 3, 6, 3, 'Chevrolet', '3D73Y3CLXAG731650', 1993, 100, '09/06/2014', 1);
insert into Vehiculos (vehiculo_id, contratista_id, ruta_id, tipo_id, vehiculo_marca, vehiculo_placa, vehiculo_modelo, vehiculo_peso, vehiculo_fecha_creacion, vehiculo_estado) values (5, 3, 6, 1, 'Saab', 'WBA6A0C57ED459859', 1997, 100, '18/02/2014', 1);
insert into Vehiculos (vehiculo_id, contratista_id, ruta_id, tipo_id, vehiculo_marca, vehiculo_placa, vehiculo_modelo, vehiculo_peso, vehiculo_fecha_creacion, vehiculo_estado) values (6, 2, 3, 2, 'Pontiac', '1G6DJ5EY9B0938014', 2005, 100, '05/09/2013', 1);
insert into Vehiculos (vehiculo_id, contratista_id, ruta_id, tipo_id, vehiculo_marca, vehiculo_placa, vehiculo_modelo, vehiculo_peso, vehiculo_fecha_creacion, vehiculo_estado) values (7, 2, 1, 5, 'Subaru', 'JN8AZ1MU5DW111969', 1990, 100, '01/01/2014', 1);
insert into Vehiculos (vehiculo_id, contratista_id, ruta_id, tipo_id, vehiculo_marca, vehiculo_placa, vehiculo_modelo, vehiculo_peso, vehiculo_fecha_creacion, vehiculo_estado) values (8, 1, 7, 1, 'Chevrolet', '2T2BK1BA1EC752913', 2006, 100, '19/12/2013', 1);
insert into Vehiculos (vehiculo_id, contratista_id, ruta_id, tipo_id, vehiculo_marca, vehiculo_placa, vehiculo_modelo, vehiculo_peso, vehiculo_fecha_creacion, vehiculo_estado) values (9, 2, 4, 2, 'Bugatti', 'WAUNF78P96A449739', 2009, 100, '22/11/2013', 1);
insert into Vehiculos (vehiculo_id, contratista_id, ruta_id, tipo_id, vehiculo_marca, vehiculo_placa, vehiculo_modelo, vehiculo_peso, vehiculo_fecha_creacion, vehiculo_estado) values (10, 2, 10, 3, 'Ford', 'SCBCR63W84C906815', 1995, 100, '26/12/2013', 1);
insert into Vehiculos (vehiculo_id, contratista_id, ruta_id, tipo_id, vehiculo_marca, vehiculo_placa, vehiculo_modelo, vehiculo_peso, vehiculo_fecha_creacion, vehiculo_estado) values (11, 3, 6, 1, 'Volvo', '1G6AV5S84E0381061', 2005, 100, '01/06/2014', 1);
insert into Vehiculos (vehiculo_id, contratista_id, ruta_id, tipo_id, vehiculo_marca, vehiculo_placa, vehiculo_modelo, vehiculo_peso, vehiculo_fecha_creacion, vehiculo_estado) values (12, 2, 8, 2, 'Mercedes-Benz', '3VWKX8AJ5BM251362', 2004, 100, '04/02/2014', 1);
insert into Vehiculos (vehiculo_id, contratista_id, ruta_id, tipo_id, vehiculo_marca, vehiculo_placa, vehiculo_modelo, vehiculo_peso, vehiculo_fecha_creacion, vehiculo_estado) values (13, 2, 5, 5, 'Infiniti', '3C63D2JL3CG019641', 1997, 100, '16/11/2013', 1);
insert into Vehiculos (vehiculo_id, contratista_id, ruta_id, tipo_id, vehiculo_marca, vehiculo_placa, vehiculo_modelo, vehiculo_peso, vehiculo_fecha_creacion, vehiculo_estado) values (14, 2, 10, 1, 'Lotus', 'SCFFDCBD6CG291388', 2001, 100, '25/08/2013', 1);
insert into Vehiculos (vehiculo_id, contratista_id, ruta_id, tipo_id, vehiculo_marca, vehiculo_placa, vehiculo_modelo, vehiculo_peso, vehiculo_fecha_creacion, vehiculo_estado) values (15, 3, 10, 2, 'Saab', '3GYFNCEY2BS884072', 2008, 100, '29/03/2014', 1);
insert into Vehiculos (vehiculo_id, contratista_id, ruta_id, tipo_id, vehiculo_marca, vehiculo_placa, vehiculo_modelo, vehiculo_peso, vehiculo_fecha_creacion, vehiculo_estado) values (16, 3, 8, 1, 'Lexus', '1G6KD57Y83U241648', 2000, 100, '29/08/2013', 1);
insert into Vehiculos (vehiculo_id, contratista_id, ruta_id, tipo_id, vehiculo_marca, vehiculo_placa, vehiculo_modelo, vehiculo_peso, vehiculo_fecha_creacion, vehiculo_estado) values (17, 3, 2, 3, 'Buick', '1C3CDFAA5ED475319', 1988, 100, '04/02/2014', 1);
insert into Vehiculos (vehiculo_id, contratista_id, ruta_id, tipo_id, vehiculo_marca, vehiculo_placa, vehiculo_modelo, vehiculo_peso, vehiculo_fecha_creacion, vehiculo_estado) values (18, 2, 5, 2, 'Toyota', 'WAULD64B92N974286', 2010, 100, '19/05/2014', 1);
insert into Vehiculos (vehiculo_id, contratista_id, ruta_id, tipo_id, vehiculo_marca, vehiculo_placa, vehiculo_modelo, vehiculo_peso, vehiculo_fecha_creacion, vehiculo_estado) values (19, 2, 2, 4, 'Lincoln', 'JM1NC2JF7F0543396', 1999, 100, '17/11/2013', 1);
insert into Vehiculos (vehiculo_id, contratista_id, ruta_id, tipo_id, vehiculo_marca, vehiculo_placa, vehiculo_modelo, vehiculo_peso, vehiculo_fecha_creacion, vehiculo_estado) values (20, 3, 9, 5, 'Lotus', '1N6AD0CW8FN007697', 1990, 100, '17/10/2013', 1);
insert into Vehiculos (vehiculo_id, contratista_id, ruta_id, tipo_id, vehiculo_marca, vehiculo_placa, vehiculo_modelo, vehiculo_peso, vehiculo_fecha_creacion, vehiculo_estado) values (21, 3, 8, 3, 'GMC', '5GADX33L25D910559', 1995, 100, '05/04/2014', 1);
insert into Vehiculos (vehiculo_id, contratista_id, ruta_id, tipo_id, vehiculo_marca, vehiculo_placa, vehiculo_modelo, vehiculo_peso, vehiculo_fecha_creacion, vehiculo_estado) values (22, 1, 8, 4, 'Hyundai', '1FTEW1CM3DK650196', 2013, 100, '17/07/2013', 1);
insert into Vehiculos (vehiculo_id, contratista_id, ruta_id, tipo_id, vehiculo_marca, vehiculo_placa, vehiculo_modelo, vehiculo_peso, vehiculo_fecha_creacion, vehiculo_estado) values (23, 1, 10, 4, 'Mazda', '1G6DK5EYXB0915483', 1995, 100, '04/09/2013', 1);
insert into Vehiculos (vehiculo_id, contratista_id, ruta_id, tipo_id, vehiculo_marca, vehiculo_placa, vehiculo_modelo, vehiculo_peso, vehiculo_fecha_creacion, vehiculo_estado) values (24, 1, 6, 4, 'Aston Martin', '4T1BD1EB6DU267571', 2009, 100, '08/06/2014', 1);
insert into Vehiculos (vehiculo_id, contratista_id, ruta_id, tipo_id, vehiculo_marca, vehiculo_placa, vehiculo_modelo, vehiculo_peso, vehiculo_fecha_creacion, vehiculo_estado) values (25, 3, 1, 3, 'Lamborghini', 'JTDKN3DU0F0753335', 2010, 100, '10/10/2013', 1);
insert into Vehiculos (vehiculo_id, contratista_id, ruta_id, tipo_id, vehiculo_marca, vehiculo_placa, vehiculo_modelo, vehiculo_peso, vehiculo_fecha_creacion, vehiculo_estado) values (26, 2, 6, 4, 'Chevrolet', 'JH4CU26609C644231', 2002, 100, '26/09/2013', 1);
insert into Vehiculos (vehiculo_id, contratista_id, ruta_id, tipo_id, vehiculo_marca, vehiculo_placa, vehiculo_modelo, vehiculo_peso, vehiculo_fecha_creacion, vehiculo_estado) values (27, 2, 8, 3, 'Hyundai', 'WAUCFAFH5BN477458', 1997, 100, '20/02/2014', 1);
insert into Vehiculos (vehiculo_id, contratista_id, ruta_id, tipo_id, vehiculo_marca, vehiculo_placa, vehiculo_modelo, vehiculo_peso, vehiculo_fecha_creacion, vehiculo_estado) values (28, 2, 9, 2, 'Infiniti', 'KMHDB8AE4AU018155', 2003, 100, '15/02/2014', 1);
insert into Vehiculos (vehiculo_id, contratista_id, ruta_id, tipo_id, vehiculo_marca, vehiculo_placa, vehiculo_modelo, vehiculo_peso, vehiculo_fecha_creacion, vehiculo_estado) values (29, 2, 1, 3, 'Mitsubishi', '5XYZT3LB6EG154744', 1993, 100, '17/11/2013', 1);
insert into Vehiculos (vehiculo_id, contratista_id, ruta_id, tipo_id, vehiculo_marca, vehiculo_placa, vehiculo_modelo, vehiculo_peso, vehiculo_fecha_creacion, vehiculo_estado) values (30, 1, 3, 5, 'BMW', '1C3CDFBBXFD338692', 2010, 100, '20/04/2014', 1);
insert into Vehiculos (vehiculo_id, contratista_id, ruta_id, tipo_id, vehiculo_marca, vehiculo_placa, vehiculo_modelo, vehiculo_peso, vehiculo_fecha_creacion, vehiculo_estado) values (31, 2, 1, 1, 'Nissan', '5UXZW0C57D0958179', 2008, 100, '09/04/2014', 1);
insert into Vehiculos (vehiculo_id, contratista_id, ruta_id, tipo_id, vehiculo_marca, vehiculo_placa, vehiculo_modelo, vehiculo_peso, vehiculo_fecha_creacion, vehiculo_estado) values (32, 3, 5, 1, 'GMC', 'KNADM5A31E6065632', 1996, 100, '25/08/2013', 1);
insert into Vehiculos (vehiculo_id, contratista_id, ruta_id, tipo_id, vehiculo_marca, vehiculo_placa, vehiculo_modelo, vehiculo_peso, vehiculo_fecha_creacion, vehiculo_estado) values (33, 3, 10, 2, 'Cadillac', '1GD12YEG2FF234130', 1993, 100, '29/09/2013', 1);
insert into Vehiculos (vehiculo_id, contratista_id, ruta_id, tipo_id, vehiculo_marca, vehiculo_placa, vehiculo_modelo, vehiculo_peso, vehiculo_fecha_creacion, vehiculo_estado) values (34, 1, 1, 3, 'Ford', 'JA32U2FU7DU734862', 2009, 100, '31/08/2013', 1);
insert into Vehiculos (vehiculo_id, contratista_id, ruta_id, tipo_id, vehiculo_marca, vehiculo_placa, vehiculo_modelo, vehiculo_peso, vehiculo_fecha_creacion, vehiculo_estado) values (35, 3, 4, 5, 'Audi', '1G6KY549X3U483620', 2002, 100, '27/04/2014', 1);
insert into Vehiculos (vehiculo_id, contratista_id, ruta_id, tipo_id, vehiculo_marca, vehiculo_placa, vehiculo_modelo, vehiculo_peso, vehiculo_fecha_creacion, vehiculo_estado) values (36, 2, 3, 4, 'Maserati', '1GYFK43898R491070', 1986, 100, '02/10/2013', 1);
insert into Vehiculos (vehiculo_id, contratista_id, ruta_id, tipo_id, vehiculo_marca, vehiculo_placa, vehiculo_modelo, vehiculo_peso, vehiculo_fecha_creacion, vehiculo_estado) values (37, 1, 2, 2, 'Volkswagen', 'WAUEFBFL6DN768203', 1995, 100, '12/07/2013', 1);
insert into Vehiculos (vehiculo_id, contratista_id, ruta_id, tipo_id, vehiculo_marca, vehiculo_placa, vehiculo_modelo, vehiculo_peso, vehiculo_fecha_creacion, vehiculo_estado) values (38, 1, 9, 2, 'Mazda', '2C4RRGAG9ER234118', 1989, 100, '07/09/2013', 1);
insert into Vehiculos (vehiculo_id, contratista_id, ruta_id, tipo_id, vehiculo_marca, vehiculo_placa, vehiculo_modelo, vehiculo_peso, vehiculo_fecha_creacion, vehiculo_estado) values (39, 3, 5, 1, 'Audi', '1C4RJEAG7FC257841', 1985, 100, '23/08/2013', 1);
insert into Vehiculos (vehiculo_id, contratista_id, ruta_id, tipo_id, vehiculo_marca, vehiculo_placa, vehiculo_modelo, vehiculo_peso, vehiculo_fecha_creacion, vehiculo_estado) values (40, 2, 2, 1, 'Ford', '1FTMF1EW9AF671052', 1980, 100, '30/08/2013', 1);
insert into Vehiculos (vehiculo_id, contratista_id, ruta_id, tipo_id, vehiculo_marca, vehiculo_placa, vehiculo_modelo, vehiculo_peso, vehiculo_fecha_creacion, vehiculo_estado) values (41, 1, 9, 5, 'Ford', 'JTHBB1BAXB2168443', 1998, 100, '18/10/2013', 1);
insert into Vehiculos (vehiculo_id, contratista_id, ruta_id, tipo_id, vehiculo_marca, vehiculo_placa, vehiculo_modelo, vehiculo_peso, vehiculo_fecha_creacion, vehiculo_estado) values (42, 1, 8, 2, 'Saab', '1G6DG8E50D0622252', 1987, 100, '18/11/2013', 1);
insert into Vehiculos (vehiculo_id, contratista_id, ruta_id, tipo_id, vehiculo_marca, vehiculo_placa, vehiculo_modelo, vehiculo_peso, vehiculo_fecha_creacion, vehiculo_estado) values (43, 3, 6, 3, 'Aston Martin', '1G6DG8EY2B0517185', 2008, 100, '25/09/2013', 1);
insert into Vehiculos (vehiculo_id, contratista_id, ruta_id, tipo_id, vehiculo_marca, vehiculo_placa, vehiculo_modelo, vehiculo_peso, vehiculo_fecha_creacion, vehiculo_estado) values (44, 3, 6, 4, 'Volvo', '3GYT4NEF1CG022322', 2002, 100, '23/03/2014', 1);
insert into Vehiculos (vehiculo_id, contratista_id, ruta_id, tipo_id, vehiculo_marca, vehiculo_placa, vehiculo_modelo, vehiculo_peso, vehiculo_fecha_creacion, vehiculo_estado) values (45, 1, 10, 3, 'Audi', 'WAUAVAFA1AN210636', 2002, 100, '24/10/2013', 1);
insert into Vehiculos (vehiculo_id, contratista_id, ruta_id, tipo_id, vehiculo_marca, vehiculo_placa, vehiculo_modelo, vehiculo_peso, vehiculo_fecha_creacion, vehiculo_estado) values (46, 3, 4, 5, 'Lexus', '3D7TP2CT3BG541428', 1994, 100, '27/03/2014', 1);
insert into Vehiculos (vehiculo_id, contratista_id, ruta_id, tipo_id, vehiculo_marca, vehiculo_placa, vehiculo_modelo, vehiculo_peso, vehiculo_fecha_creacion, vehiculo_estado) values (47, 1, 9, 5, 'Hummer', '1GKS2GEJ6BR449988', 2009, 100, '30/03/2014', 1);
insert into Vehiculos (vehiculo_id, contratista_id, ruta_id, tipo_id, vehiculo_marca, vehiculo_placa, vehiculo_modelo, vehiculo_peso, vehiculo_fecha_creacion, vehiculo_estado) values (48, 3, 5, 3, 'Toyota', 'JTDKN3DU3F0362728', 2000, 100, '12/10/2013', 1);
insert into Vehiculos (vehiculo_id, contratista_id, ruta_id, tipo_id, vehiculo_marca, vehiculo_placa, vehiculo_modelo, vehiculo_peso, vehiculo_fecha_creacion, vehiculo_estado) values (49, 1, 3, 5, 'GMC', 'SCFFBCBD8AG683811', 1994, 100, '26/08/2013', 1);
insert into Vehiculos (vehiculo_id, contratista_id, ruta_id, tipo_id, vehiculo_marca, vehiculo_placa, vehiculo_modelo, vehiculo_peso, vehiculo_fecha_creacion, vehiculo_estado) values (50, 2, 1, 3, 'Oldsmobile', 'WBAPL33559A043932', 1997, 100, '11/02/2014', 1);

--///////////////////////// DATOS TABLA  conductores 
insert into Conductores (conductor_id, contratista_id, conductor_nombre, conductor_apellido, conductor_documento, conductor_fecha_nacimiento, conductor_celular, conductor_correo, conductor_estado) values (1, 3, 'Delano', 'Sargent', '8871648099', '29/08/1992', '3988264492', 'dsargent0@mail.ru', 1);
insert into Conductores (conductor_id, contratista_id, conductor_nombre, conductor_apellido, conductor_documento, conductor_fecha_nacimiento, conductor_celular, conductor_correo, conductor_estado) values (2, 3, 'Reginauld', 'O''Flannery', '4908237506', '23/01/1994', '3111369831', 'roflannery1@sciencedaily.com', 1);
insert into Conductores (conductor_id, contratista_id, conductor_nombre, conductor_apellido, conductor_documento, conductor_fecha_nacimiento, conductor_celular, conductor_correo, conductor_estado) values (3, 1, 'Concettina', 'Gander', '9938273327', '14/12/1991', '6334862207', 'cgander2@sbwire.com', 1);
insert into Conductores (conductor_id, contratista_id, conductor_nombre, conductor_apellido, conductor_documento, conductor_fecha_nacimiento, conductor_celular, conductor_correo, conductor_estado) values (4, 2, 'Austen', 'Harsnep', '7414630366', '28/05/1997', '1461466607', 'aharsnep3@jiathis.com', 1);
insert into Conductores (conductor_id, contratista_id, conductor_nombre, conductor_apellido, conductor_documento, conductor_fecha_nacimiento, conductor_celular, conductor_correo, conductor_estado) values (5, 3, 'Jarib', 'Bothie', '6946884310', '07/02/1992', '9982629193', 'jbothie4@twitpic.com', 1);
insert into Conductores (conductor_id, contratista_id, conductor_nombre, conductor_apellido, conductor_documento, conductor_fecha_nacimiento, conductor_celular, conductor_correo, conductor_estado) values (6, 3, 'Nicolis', 'Filisov', '0757457940', '29/12/1993', '6571233183', 'nfilisov5@washington.edu', 1);
insert into Conductores (conductor_id, contratista_id, conductor_nombre, conductor_apellido, conductor_documento, conductor_fecha_nacimiento, conductor_celular, conductor_correo, conductor_estado) values (7, 1, 'Yevette', 'Papen', '2835511962', '17/05/1991', '3728952748', 'ypapen6@lycos.com', 1);
insert into Conductores (conductor_id, contratista_id, conductor_nombre, conductor_apellido, conductor_documento, conductor_fecha_nacimiento, conductor_celular, conductor_correo, conductor_estado) values (8, 1, 'Viviene', 'Pedden', '0885165462', '14/03/1997', '4261197141', 'vpedden7@arstechnica.com', 1);
insert into Conductores (conductor_id, contratista_id, conductor_nombre, conductor_apellido, conductor_documento, conductor_fecha_nacimiento, conductor_celular, conductor_correo, conductor_estado) values (9, 2, 'Conway', 'Ellwand', '9226618364', '26/12/1994', '2306860659', 'cellwand8@rediff.com', 1);
insert into Conductores (conductor_id, contratista_id, conductor_nombre, conductor_apellido, conductor_documento, conductor_fecha_nacimiento, conductor_celular, conductor_correo, conductor_estado) values (10, 1, 'Penn', 'Hair', '4280661405', '05/05/1999', '9507422599', 'phair9@opera.com', 1);

--///////////////////////// DATOS TABLA  centros_disposicion 

insert into Centros_disposicion (centro_disposicion_id, municipio_id, centro_disposicion_nombre, centro_disposicion_direccion, centro_disposicion_celular, centro_disposicion_correo, centro_disposicion_estado) values (1, 2, 'Benetta', '3 Mifflin Center', '4023977601', 'bnoseworthy0@usnews.com', 1);
insert into Centros_disposicion (centro_disposicion_id, municipio_id, centro_disposicion_nombre, centro_disposicion_direccion, centro_disposicion_celular, centro_disposicion_correo, centro_disposicion_estado) values (2, 1, 'Lacey', '5 Buell Road', '3066333741', 'lduran1@clickbank.net', 1);
insert into Centros_disposicion (centro_disposicion_id, municipio_id, centro_disposicion_nombre, centro_disposicion_direccion, centro_disposicion_celular, centro_disposicion_correo, centro_disposicion_estado) values (3, 2, 'Bridie', '84195 Straubel Point', '8577933421', 'bblacksell2@live.com', 1);

--///////////////////////// DATOS TABLA  centros_disposicion_limitan_desechos 

INSERT INTO CENTROS_DISPOSICION_LIMITAN_DESECHOS(CENTROS_DISPOSICION_LIMITAN_DESECHOS_COSTO_EXCESO, CENTROS_DISPOSICION_LIMITAN_DESECHOS_PESO_MAXIMO, TIPO_ID, CENTRO_DISPOSICION_ID, DESECHO_ID) VALUES
(3671, 847, 4, 1, 1);
INSERT INTO CENTROS_DISPOSICION_LIMITAN_DESECHOS(CENTROS_DISPOSICION_LIMITAN_DESECHOS_COSTO_EXCESO, CENTROS_DISPOSICION_LIMITAN_DESECHOS_PESO_MAXIMO, TIPO_ID, CENTRO_DISPOSICION_ID, DESECHO_ID) VALUES
(2037, 638, 2, 3, 3);
INSERT INTO CENTROS_DISPOSICION_LIMITAN_DESECHOS(CENTROS_DISPOSICION_LIMITAN_DESECHOS_COSTO_EXCESO, CENTROS_DISPOSICION_LIMITAN_DESECHOS_PESO_MAXIMO, TIPO_ID, CENTRO_DISPOSICION_ID, DESECHO_ID) VALUES
(1729, 904, 4, 1, 4);
INSERT INTO CENTROS_DISPOSICION_LIMITAN_DESECHOS(CENTROS_DISPOSICION_LIMITAN_DESECHOS_COSTO_EXCESO, CENTROS_DISPOSICION_LIMITAN_DESECHOS_PESO_MAXIMO, TIPO_ID, CENTRO_DISPOSICION_ID, DESECHO_ID) VALUES
(2984, 584, 2, 1, 2);
INSERT INTO CENTROS_DISPOSICION_LIMITAN_DESECHOS(CENTROS_DISPOSICION_LIMITAN_DESECHOS_COSTO_EXCESO, CENTROS_DISPOSICION_LIMITAN_DESECHOS_PESO_MAXIMO, TIPO_ID, CENTRO_DISPOSICION_ID, DESECHO_ID) VALUES
(3430, 652, 3, 3, 5);
INSERT INTO CENTROS_DISPOSICION_LIMITAN_DESECHOS(CENTROS_DISPOSICION_LIMITAN_DESECHOS_COSTO_EXCESO, CENTROS_DISPOSICION_LIMITAN_DESECHOS_PESO_MAXIMO, TIPO_ID, CENTRO_DISPOSICION_ID, DESECHO_ID) VALUES
(2706, 775, 4, 2, 5);
INSERT INTO CENTROS_DISPOSICION_LIMITAN_DESECHOS(CENTROS_DISPOSICION_LIMITAN_DESECHOS_COSTO_EXCESO, CENTROS_DISPOSICION_LIMITAN_DESECHOS_PESO_MAXIMO, TIPO_ID, CENTRO_DISPOSICION_ID, DESECHO_ID) VALUES
(3576, 638, 1, 2, 4);
INSERT INTO CENTROS_DISPOSICION_LIMITAN_DESECHOS(CENTROS_DISPOSICION_LIMITAN_DESECHOS_COSTO_EXCESO, CENTROS_DISPOSICION_LIMITAN_DESECHOS_PESO_MAXIMO, TIPO_ID, CENTRO_DISPOSICION_ID, DESECHO_ID) VALUES
(3634, 505, 1, 3, 2);
INSERT INTO CENTROS_DISPOSICION_LIMITAN_DESECHOS(CENTROS_DISPOSICION_LIMITAN_DESECHOS_COSTO_EXCESO, CENTROS_DISPOSICION_LIMITAN_DESECHOS_PESO_MAXIMO, TIPO_ID, CENTRO_DISPOSICION_ID, DESECHO_ID) VALUES
(4030, 910, 5, 1, 3);
INSERT INTO CENTROS_DISPOSICION_LIMITAN_DESECHOS(CENTROS_DISPOSICION_LIMITAN_DESECHOS_COSTO_EXCESO, CENTROS_DISPOSICION_LIMITAN_DESECHOS_PESO_MAXIMO, TIPO_ID, CENTRO_DISPOSICION_ID, DESECHO_ID) VALUES
(2774, 614, 1, 2, 4);
INSERT INTO CENTROS_DISPOSICION_LIMITAN_DESECHOS(CENTROS_DISPOSICION_LIMITAN_DESECHOS_COSTO_EXCESO, CENTROS_DISPOSICION_LIMITAN_DESECHOS_PESO_MAXIMO, TIPO_ID, CENTRO_DISPOSICION_ID, DESECHO_ID) VALUES
(2506, 674, 2, 2, 5);
INSERT INTO CENTROS_DISPOSICION_LIMITAN_DESECHOS(CENTROS_DISPOSICION_LIMITAN_DESECHOS_COSTO_EXCESO, CENTROS_DISPOSICION_LIMITAN_DESECHOS_PESO_MAXIMO, TIPO_ID, CENTRO_DISPOSICION_ID, DESECHO_ID) VALUES
(4604, 737, 4, 1, 3);
INSERT INTO CENTROS_DISPOSICION_LIMITAN_DESECHOS(CENTROS_DISPOSICION_LIMITAN_DESECHOS_COSTO_EXCESO, CENTROS_DISPOSICION_LIMITAN_DESECHOS_PESO_MAXIMO, TIPO_ID, CENTRO_DISPOSICION_ID, DESECHO_ID) VALUES
(1064, 613, 1, 1, 6);
INSERT INTO CENTROS_DISPOSICION_LIMITAN_DESECHOS(CENTROS_DISPOSICION_LIMITAN_DESECHOS_COSTO_EXCESO, CENTROS_DISPOSICION_LIMITAN_DESECHOS_PESO_MAXIMO, TIPO_ID, CENTRO_DISPOSICION_ID, DESECHO_ID) VALUES
(3620, 886, 1, 3, 2);
INSERT INTO CENTROS_DISPOSICION_LIMITAN_DESECHOS(CENTROS_DISPOSICION_LIMITAN_DESECHOS_COSTO_EXCESO, CENTROS_DISPOSICION_LIMITAN_DESECHOS_PESO_MAXIMO, TIPO_ID, CENTRO_DISPOSICION_ID, DESECHO_ID) VALUES
(1035, 597, 5, 1, 1);
INSERT INTO CENTROS_DISPOSICION_LIMITAN_DESECHOS(CENTROS_DISPOSICION_LIMITAN_DESECHOS_COSTO_EXCESO, CENTROS_DISPOSICION_LIMITAN_DESECHOS_PESO_MAXIMO, TIPO_ID, CENTRO_DISPOSICION_ID, DESECHO_ID) VALUES
(4480, 698, 5, 2, 6);
INSERT INTO CENTROS_DISPOSICION_LIMITAN_DESECHOS(CENTROS_DISPOSICION_LIMITAN_DESECHOS_COSTO_EXCESO, CENTROS_DISPOSICION_LIMITAN_DESECHOS_PESO_MAXIMO, TIPO_ID, CENTRO_DISPOSICION_ID, DESECHO_ID) VALUES
(1249, 833, 5, 1, 2);
INSERT INTO CENTROS_DISPOSICION_LIMITAN_DESECHOS(CENTROS_DISPOSICION_LIMITAN_DESECHOS_COSTO_EXCESO, CENTROS_DISPOSICION_LIMITAN_DESECHOS_PESO_MAXIMO, TIPO_ID, CENTRO_DISPOSICION_ID, DESECHO_ID) VALUES
(2361, 899, 4, 1, 2);
INSERT INTO CENTROS_DISPOSICION_LIMITAN_DESECHOS(CENTROS_DISPOSICION_LIMITAN_DESECHOS_COSTO_EXCESO, CENTROS_DISPOSICION_LIMITAN_DESECHOS_PESO_MAXIMO, TIPO_ID, CENTRO_DISPOSICION_ID, DESECHO_ID) VALUES
(4217, 531, 3, 1, 5);
INSERT INTO CENTROS_DISPOSICION_LIMITAN_DESECHOS(CENTROS_DISPOSICION_LIMITAN_DESECHOS_COSTO_EXCESO, CENTROS_DISPOSICION_LIMITAN_DESECHOS_PESO_MAXIMO, TIPO_ID, CENTRO_DISPOSICION_ID, DESECHO_ID) VALUES
(3059, 672, 5, 2, 4);
INSERT INTO CENTROS_DISPOSICION_LIMITAN_DESECHOS(CENTROS_DISPOSICION_LIMITAN_DESECHOS_COSTO_EXCESO, CENTROS_DISPOSICION_LIMITAN_DESECHOS_PESO_MAXIMO, TIPO_ID, CENTRO_DISPOSICION_ID, DESECHO_ID) VALUES
(1629, 633, 3, 1, 4);
INSERT INTO CENTROS_DISPOSICION_LIMITAN_DESECHOS(CENTROS_DISPOSICION_LIMITAN_DESECHOS_COSTO_EXCESO, CENTROS_DISPOSICION_LIMITAN_DESECHOS_PESO_MAXIMO, TIPO_ID, CENTRO_DISPOSICION_ID, DESECHO_ID) VALUES
(2502, 633, 2, 3, 2);
INSERT INTO CENTROS_DISPOSICION_LIMITAN_DESECHOS(CENTROS_DISPOSICION_LIMITAN_DESECHOS_COSTO_EXCESO, CENTROS_DISPOSICION_LIMITAN_DESECHOS_PESO_MAXIMO, TIPO_ID, CENTRO_DISPOSICION_ID, DESECHO_ID) VALUES
(1303, 738, 5, 2, 3);
INSERT INTO CENTROS_DISPOSICION_LIMITAN_DESECHOS(CENTROS_DISPOSICION_LIMITAN_DESECHOS_COSTO_EXCESO, CENTROS_DISPOSICION_LIMITAN_DESECHOS_PESO_MAXIMO, TIPO_ID, CENTRO_DISPOSICION_ID, DESECHO_ID) VALUES
(2391, 890, 3, 3, 3);
INSERT INTO CENTROS_DISPOSICION_LIMITAN_DESECHOS(CENTROS_DISPOSICION_LIMITAN_DESECHOS_COSTO_EXCESO, CENTROS_DISPOSICION_LIMITAN_DESECHOS_PESO_MAXIMO, TIPO_ID, CENTRO_DISPOSICION_ID, DESECHO_ID) VALUES
(2205, 713, 5, 3, 5);
INSERT INTO CENTROS_DISPOSICION_LIMITAN_DESECHOS(CENTROS_DISPOSICION_LIMITAN_DESECHOS_COSTO_EXCESO, CENTROS_DISPOSICION_LIMITAN_DESECHOS_PESO_MAXIMO, TIPO_ID, CENTRO_DISPOSICION_ID, DESECHO_ID) VALUES
(2929, 827, 3, 1, 6);
INSERT INTO CENTROS_DISPOSICION_LIMITAN_DESECHOS(CENTROS_DISPOSICION_LIMITAN_DESECHOS_COSTO_EXCESO, CENTROS_DISPOSICION_LIMITAN_DESECHOS_PESO_MAXIMO, TIPO_ID, CENTRO_DISPOSICION_ID, DESECHO_ID) VALUES
(4385, 654, 1, 1, 4);
INSERT INTO CENTROS_DISPOSICION_LIMITAN_DESECHOS(CENTROS_DISPOSICION_LIMITAN_DESECHOS_COSTO_EXCESO, CENTROS_DISPOSICION_LIMITAN_DESECHOS_PESO_MAXIMO, TIPO_ID, CENTRO_DISPOSICION_ID, DESECHO_ID) VALUES
(1665, 588, 1, 1, 4);
INSERT INTO CENTROS_DISPOSICION_LIMITAN_DESECHOS(CENTROS_DISPOSICION_LIMITAN_DESECHOS_COSTO_EXCESO, CENTROS_DISPOSICION_LIMITAN_DESECHOS_PESO_MAXIMO, TIPO_ID, CENTRO_DISPOSICION_ID, DESECHO_ID) VALUES
(1631, 741, 3, 2, 3);
INSERT INTO CENTROS_DISPOSICION_LIMITAN_DESECHOS(CENTROS_DISPOSICION_LIMITAN_DESECHOS_COSTO_EXCESO, CENTROS_DISPOSICION_LIMITAN_DESECHOS_PESO_MAXIMO, TIPO_ID, CENTRO_DISPOSICION_ID, DESECHO_ID) VALUES
(2463, 773, 2, 1, 4);
INSERT INTO CENTROS_DISPOSICION_LIMITAN_DESECHOS(CENTROS_DISPOSICION_LIMITAN_DESECHOS_COSTO_EXCESO, CENTROS_DISPOSICION_LIMITAN_DESECHOS_PESO_MAXIMO, TIPO_ID, CENTRO_DISPOSICION_ID, DESECHO_ID) VALUES
(2287, 816, 4, 1, 6);
INSERT INTO CENTROS_DISPOSICION_LIMITAN_DESECHOS(CENTROS_DISPOSICION_LIMITAN_DESECHOS_COSTO_EXCESO, CENTROS_DISPOSICION_LIMITAN_DESECHOS_PESO_MAXIMO, TIPO_ID, CENTRO_DISPOSICION_ID, DESECHO_ID) VALUES
(1320, 815, 4, 1, 2);
INSERT INTO CENTROS_DISPOSICION_LIMITAN_DESECHOS(CENTROS_DISPOSICION_LIMITAN_DESECHOS_COSTO_EXCESO, CENTROS_DISPOSICION_LIMITAN_DESECHOS_PESO_MAXIMO, TIPO_ID, CENTRO_DISPOSICION_ID, DESECHO_ID) VALUES
(1959, 534, 5, 2, 1);
INSERT INTO CENTROS_DISPOSICION_LIMITAN_DESECHOS(CENTROS_DISPOSICION_LIMITAN_DESECHOS_COSTO_EXCESO, CENTROS_DISPOSICION_LIMITAN_DESECHOS_PESO_MAXIMO, TIPO_ID, CENTRO_DISPOSICION_ID, DESECHO_ID) VALUES
(3553, 523, 2, 2, 6);
INSERT INTO CENTROS_DISPOSICION_LIMITAN_DESECHOS(CENTROS_DISPOSICION_LIMITAN_DESECHOS_COSTO_EXCESO, CENTROS_DISPOSICION_LIMITAN_DESECHOS_PESO_MAXIMO, TIPO_ID, CENTRO_DISPOSICION_ID, DESECHO_ID) VALUES
(1387, 895, 3, 2, 3);
INSERT INTO CENTROS_DISPOSICION_LIMITAN_DESECHOS(CENTROS_DISPOSICION_LIMITAN_DESECHOS_COSTO_EXCESO, CENTROS_DISPOSICION_LIMITAN_DESECHOS_PESO_MAXIMO, TIPO_ID, CENTRO_DISPOSICION_ID, DESECHO_ID) VALUES
(4014, 675, 4, 3, 1);
INSERT INTO CENTROS_DISPOSICION_LIMITAN_DESECHOS(CENTROS_DISPOSICION_LIMITAN_DESECHOS_COSTO_EXCESO, CENTROS_DISPOSICION_LIMITAN_DESECHOS_PESO_MAXIMO, TIPO_ID, CENTRO_DISPOSICION_ID, DESECHO_ID) VALUES
(3393, 976, 2, 2, 6);
INSERT INTO CENTROS_DISPOSICION_LIMITAN_DESECHOS(CENTROS_DISPOSICION_LIMITAN_DESECHOS_COSTO_EXCESO, CENTROS_DISPOSICION_LIMITAN_DESECHOS_PESO_MAXIMO, TIPO_ID, CENTRO_DISPOSICION_ID, DESECHO_ID) VALUES
(4489, 725, 5, 1, 6);
INSERT INTO CENTROS_DISPOSICION_LIMITAN_DESECHOS(CENTROS_DISPOSICION_LIMITAN_DESECHOS_COSTO_EXCESO, CENTROS_DISPOSICION_LIMITAN_DESECHOS_PESO_MAXIMO, TIPO_ID, CENTRO_DISPOSICION_ID, DESECHO_ID) VALUES
(1002, 511, 1, 1, 5);
INSERT INTO CENTROS_DISPOSICION_LIMITAN_DESECHOS(CENTROS_DISPOSICION_LIMITAN_DESECHOS_COSTO_EXCESO, CENTROS_DISPOSICION_LIMITAN_DESECHOS_PESO_MAXIMO, TIPO_ID, CENTRO_DISPOSICION_ID, DESECHO_ID) VALUES
(2998, 801, 4, 1, 3);
INSERT INTO CENTROS_DISPOSICION_LIMITAN_DESECHOS(CENTROS_DISPOSICION_LIMITAN_DESECHOS_COSTO_EXCESO, CENTROS_DISPOSICION_LIMITAN_DESECHOS_PESO_MAXIMO, TIPO_ID, CENTRO_DISPOSICION_ID, DESECHO_ID) VALUES
(3119, 956, 5, 1, 2);
INSERT INTO CENTROS_DISPOSICION_LIMITAN_DESECHOS(CENTROS_DISPOSICION_LIMITAN_DESECHOS_COSTO_EXCESO, CENTROS_DISPOSICION_LIMITAN_DESECHOS_PESO_MAXIMO, TIPO_ID, CENTRO_DISPOSICION_ID, DESECHO_ID) VALUES
(4159, 529, 3, 3, 2);
INSERT INTO CENTROS_DISPOSICION_LIMITAN_DESECHOS(CENTROS_DISPOSICION_LIMITAN_DESECHOS_COSTO_EXCESO, CENTROS_DISPOSICION_LIMITAN_DESECHOS_PESO_MAXIMO, TIPO_ID, CENTRO_DISPOSICION_ID, DESECHO_ID) VALUES
(1864, 787, 3, 1, 1);
INSERT INTO CENTROS_DISPOSICION_LIMITAN_DESECHOS(CENTROS_DISPOSICION_LIMITAN_DESECHOS_COSTO_EXCESO, CENTROS_DISPOSICION_LIMITAN_DESECHOS_PESO_MAXIMO, TIPO_ID, CENTRO_DISPOSICION_ID, DESECHO_ID) VALUES
(2166, 547, 1, 1, 3);
INSERT INTO CENTROS_DISPOSICION_LIMITAN_DESECHOS(CENTROS_DISPOSICION_LIMITAN_DESECHOS_COSTO_EXCESO, CENTROS_DISPOSICION_LIMITAN_DESECHOS_PESO_MAXIMO, TIPO_ID, CENTRO_DISPOSICION_ID, DESECHO_ID) VALUES
(3657, 827, 5, 2, 3);
INSERT INTO CENTROS_DISPOSICION_LIMITAN_DESECHOS(CENTROS_DISPOSICION_LIMITAN_DESECHOS_COSTO_EXCESO, CENTROS_DISPOSICION_LIMITAN_DESECHOS_PESO_MAXIMO, TIPO_ID, CENTRO_DISPOSICION_ID, DESECHO_ID) VALUES
(4359, 583, 5, 1, 1);
INSERT INTO CENTROS_DISPOSICION_LIMITAN_DESECHOS(CENTROS_DISPOSICION_LIMITAN_DESECHOS_COSTO_EXCESO, CENTROS_DISPOSICION_LIMITAN_DESECHOS_PESO_MAXIMO, TIPO_ID, CENTRO_DISPOSICION_ID, DESECHO_ID) VALUES
(3815, 989, 5, 2, 4);
INSERT INTO CENTROS_DISPOSICION_LIMITAN_DESECHOS(CENTROS_DISPOSICION_LIMITAN_DESECHOS_COSTO_EXCESO, CENTROS_DISPOSICION_LIMITAN_DESECHOS_PESO_MAXIMO, TIPO_ID, CENTRO_DISPOSICION_ID, DESECHO_ID) VALUES
(3379, 764, 5, 3, 6);
INSERT INTO CENTROS_DISPOSICION_LIMITAN_DESECHOS(CENTROS_DISPOSICION_LIMITAN_DESECHOS_COSTO_EXCESO, CENTROS_DISPOSICION_LIMITAN_DESECHOS_PESO_MAXIMO, TIPO_ID, CENTRO_DISPOSICION_ID, DESECHO_ID) VALUES
(2963, 815, 1, 2, 6);
INSERT INTO CENTROS_DISPOSICION_LIMITAN_DESECHOS(CENTROS_DISPOSICION_LIMITAN_DESECHOS_COSTO_EXCESO, CENTROS_DISPOSICION_LIMITAN_DESECHOS_PESO_MAXIMO, TIPO_ID, CENTRO_DISPOSICION_ID, DESECHO_ID) VALUES
(2924, 879, 1, 3, 1);


--///////////////////////// DATOS TABLA  trabajadores 

insert into trabajadores (trabajador_id, centro_disposicion_id, trabajador_nombre, trabajador_apellido, trabajador_documento, trabajador_celular, trabajador_correo, trabajador_direccion, trabajador_tipo, trabajador_fecha_ingreso, trabajador_fecha_nacimiento, trabajador_contrasena, trabajador_estado) values (1, 1, 'Peadar', 'Cotmore', '0764110527', '5838901857', 'pcotmore0@storify.com', '5 Di Loreto Avenue', 2, '02/03/2014', '29/05/1997', 'Dv1yonpAvEHR', 1);
insert into trabajadores (trabajador_id, centro_disposicion_id, trabajador_nombre, trabajador_apellido, trabajador_documento, trabajador_celular, trabajador_correo, trabajador_direccion, trabajador_tipo, trabajador_fecha_ingreso, trabajador_fecha_nacimiento, trabajador_contrasena, trabajador_estado) values (2, 1, 'Isabelita', 'Tumilty', '7347391253', '7168570878', 'itumilty1@goo.gl', '11 Manufacturers Alley', 1, '04/03/2014', '01/08/1994', 'aILs6Qm6NPw', 1);
insert into trabajadores (trabajador_id, centro_disposicion_id, trabajador_nombre, trabajador_apellido, trabajador_documento, trabajador_celular, trabajador_correo, trabajador_direccion, trabajador_tipo, trabajador_fecha_ingreso, trabajador_fecha_nacimiento, trabajador_contrasena, trabajador_estado) values (3, 1, 'Howard', 'Burness', '0439778654', '9851815119', 'hburness2@google.co.uk', '94618 Wayridge Court', 1, '31/03/2014', '12/06/1991', 'kIWlOAMemnNO', 1);
insert into trabajadores (trabajador_id, centro_disposicion_id, trabajador_nombre, trabajador_apellido, trabajador_documento, trabajador_celular, trabajador_correo, trabajador_direccion, trabajador_tipo, trabajador_fecha_ingreso, trabajador_fecha_nacimiento, trabajador_contrasena, trabajador_estado) values (4, 1, 'Gay', 'Marushak', '6721524651', '8817287584', 'gmarushak3@google.fr', '1921 Meadow Vale Trail', 1, '13/04/2014', '22/09/1993', 'vKH6hd1Aqo', 1);
insert into trabajadores (trabajador_id, centro_disposicion_id, trabajador_nombre, trabajador_apellido, trabajador_documento, trabajador_celular, trabajador_correo, trabajador_direccion, trabajador_tipo, trabajador_fecha_ingreso, trabajador_fecha_nacimiento, trabajador_contrasena, trabajador_estado) values (5, 1, 'Woody', 'Farthin', '8561225750', '4818791729', 'wfarthin4@telegraph.co.uk', '3075 Scofield Hill', 1, '24/07/2013', '28/09/1995', 'Q9P5jWyoi', 1);
insert into trabajadores (trabajador_id, centro_disposicion_id, trabajador_nombre, trabajador_apellido, trabajador_documento, trabajador_celular, trabajador_correo, trabajador_direccion, trabajador_tipo, trabajador_fecha_ingreso, trabajador_fecha_nacimiento, trabajador_contrasena, trabajador_estado) values (6, 1, 'Omar', 'Saffill', '1508889910', '5468028085', 'osaffill5@economist.com', '52024 Duke Circle', 1, '18/07/2013', '03/05/1992', 'd6fjNsY', 1);
insert into trabajadores (trabajador_id, centro_disposicion_id, trabajador_nombre, trabajador_apellido, trabajador_documento, trabajador_celular, trabajador_correo, trabajador_direccion, trabajador_tipo, trabajador_fecha_ingreso, trabajador_fecha_nacimiento, trabajador_contrasena, trabajador_estado) values (7, 1, 'Chelsy', 'Luscott', '5018193026', '3895926722', 'cluscott6@webmd.com', '13332 Arizona Point', 1, '17/06/2014', '30/05/1995', '2tDsMzT', 1);
insert into trabajadores (trabajador_id, centro_disposicion_id, trabajador_nombre, trabajador_apellido, trabajador_documento, trabajador_celular, trabajador_correo, trabajador_direccion, trabajador_tipo, trabajador_fecha_ingreso, trabajador_fecha_nacimiento, trabajador_contrasena, trabajador_estado) values (8, 2, 'Ali', 'Whickman', '0634850873', '6202378233', 'awhickman7@istockphoto.com', '8883 Dahle Point', 2, '28/02/2014', '11/04/1997', 'y4eVbDOBddh', 1);
insert into trabajadores (trabajador_id, centro_disposicion_id, trabajador_nombre, trabajador_apellido, trabajador_documento, trabajador_celular, trabajador_correo, trabajador_direccion, trabajador_tipo, trabajador_fecha_ingreso, trabajador_fecha_nacimiento, trabajador_contrasena, trabajador_estado) values (9, 2, 'Terrel', 'Feirn', '3184485226', '4701814668', 'tfeirn8@odnoklassniki.ru', '2 Alpine Point', 1, '02/04/2014', '19/06/1995', 'VEXnEqUfKXVz', 1);
insert into trabajadores (trabajador_id, centro_disposicion_id, trabajador_nombre, trabajador_apellido, trabajador_documento, trabajador_celular, trabajador_correo, trabajador_direccion, trabajador_tipo, trabajador_fecha_ingreso, trabajador_fecha_nacimiento, trabajador_contrasena, trabajador_estado) values (10, 1, 'Consuelo', 'Sussex', '3422049029', '4692344937', 'csussex9@ow.ly', '21098 Northview Street', 2, '17/11/2013', '14/09/1997', 'TctDKnjd9dH', 1);

--///////////////////////// DATOS TABLA  celdas 

insert into Celdas (celda_id, centro_disposicion_id, celda_nombre, celda_estado, celda_capacidad_total, celda_capacidad_usada) values (1, 2, 'Topiramate', 1, 2485288, 54326);
insert into Celdas (celda_id, centro_disposicion_id, celda_nombre, celda_estado, celda_capacidad_total, celda_capacidad_usada) values (2, 3, 'Muscle Ice', 1, 4867996, 53881);
insert into Celdas (celda_id, centro_disposicion_id, celda_nombre, celda_estado, celda_capacidad_total, celda_capacidad_usada) values (3, 2, 'Hydrocortisone and Acetic Acid', 1, 3862721, 53085);
insert into Celdas (celda_id, centro_disposicion_id, celda_nombre, celda_estado, celda_capacidad_total, celda_capacidad_usada) values (4, 2, 'Targretin', 1, 5131096, 58281);
insert into Celdas (celda_id, centro_disposicion_id, celda_nombre, celda_estado, celda_capacidad_total, celda_capacidad_usada) values (5, 3, 'Sertraline Hydrochloride', 1, 1660088, 59499);
insert into Celdas (celda_id, centro_disposicion_id, celda_nombre, celda_estado, celda_capacidad_total, celda_capacidad_usada) values (6, 1, 'Tizanidine', 1, 9415340, 58983);
insert into Celdas (celda_id, centro_disposicion_id, celda_nombre, celda_estado, celda_capacidad_total, celda_capacidad_usada) values (7, 2, 'Zolpidem Tartrate', 1, 9259185, 54656);
insert into Celdas (celda_id, centro_disposicion_id, celda_nombre, celda_estado, celda_capacidad_total, celda_capacidad_usada) values (8, 3, 'Today Vaginal Contraceptive', 1, 2015550, 50361);
insert into Celdas (celda_id, centro_disposicion_id, celda_nombre, celda_estado, celda_capacidad_total, celda_capacidad_usada) values (9, 1, 'Risperidone', 1, 6708858, 56098);
insert into Celdas (celda_id, centro_disposicion_id, celda_nombre, celda_estado, celda_capacidad_total, celda_capacidad_usada) values (10, 1, 'Montelukast Sodium', 1, 1371420, 57246);
insert into Celdas (celda_id, centro_disposicion_id, celda_nombre, celda_estado, celda_capacidad_total, celda_capacidad_usada) values (11, 1, 'Paricalcitol', 1, 5723179, 52275);
insert into Celdas (celda_id, centro_disposicion_id, celda_nombre, celda_estado, celda_capacidad_total, celda_capacidad_usada) values (12, 3, 'Doxycycline', 1, 5856851, 59862);
insert into Celdas (celda_id, centro_disposicion_id, celda_nombre, celda_estado, celda_capacidad_total, celda_capacidad_usada) values (13, 3, 'No7 Advanced Hydration Day Cream Sunscreen SPF 12', 1, 9545464, 57728);
insert into Celdas (celda_id, centro_disposicion_id, celda_nombre, celda_estado, celda_capacidad_total, celda_capacidad_usada) values (14, 3, 'Clearasil PerfectaWash', 1, 4487310, 56831);
insert into Celdas (celda_id, centro_disposicion_id, celda_nombre, celda_estado, celda_capacidad_total, celda_capacidad_usada) values (15, 3, 'Eve Lom Radiance Perfected Tinted Moisturiser Broad Spectrum SPF 15 Sunscreen', 1, 4608056, 59926);

--///////////////////////// DATOS TABLA  celdas_admiten_desechos 
insert into Celdas_admiten_desechos (celda_id, desecho_id) values (12, 2);
insert into Celdas_admiten_desechos (celda_id, desecho_id) values (21, 3);
insert into Celdas_admiten_desechos (celda_id, desecho_id) values (4, 2);
insert into Celdas_admiten_desechos (celda_id, desecho_id) values (24, 5);
insert into Celdas_admiten_desechos (celda_id, desecho_id) values (13, 1);
insert into Celdas_admiten_desechos (celda_id, desecho_id) values (12, 1);
insert into Celdas_admiten_desechos (celda_id, desecho_id) values (3, 4);
insert into Celdas_admiten_desechos (celda_id, desecho_id) values (9, 5);
insert into Celdas_admiten_desechos (celda_id, desecho_id) values (21, 2);
insert into Celdas_admiten_desechos (celda_id, desecho_id) values (16, 5);
insert into Celdas_admiten_desechos (celda_id, desecho_id) values (14, 2);
insert into Celdas_admiten_desechos (celda_id, desecho_id) values (5, 2);
insert into Celdas_admiten_desechos (celda_id, desecho_id) values (5, 6);
insert into Celdas_admiten_desechos (celda_id, desecho_id) values (23, 5);
insert into Celdas_admiten_desechos (celda_id, desecho_id) values (20, 2);
insert into Celdas_admiten_desechos (celda_id, desecho_id) values (20, 1);
insert into Celdas_admiten_desechos (celda_id, desecho_id) values (17, 6);
insert into Celdas_admiten_desechos (celda_id, desecho_id) values (10, 3);
insert into Celdas_admiten_desechos (celda_id, desecho_id) values (7, 5);
insert into Celdas_admiten_desechos (celda_id, desecho_id) values (17, 1);
insert into Celdas_admiten_desechos (celda_id, desecho_id) values (13, 4);
insert into Celdas_admiten_desechos (celda_id, desecho_id) values (5, 1);
insert into Celdas_admiten_desechos (celda_id, desecho_id) values (9, 4);
insert into Celdas_admiten_desechos (celda_id, desecho_id) values (4, 2);
insert into Celdas_admiten_desechos (celda_id, desecho_id) values (12, 6);
insert into Celdas_admiten_desechos (celda_id, desecho_id) values (11, 2);
insert into Celdas_admiten_desechos (celda_id, desecho_id) values (9, 4);
insert into Celdas_admiten_desechos (celda_id, desecho_id) values (6, 3);
insert into Celdas_admiten_desechos (celda_id, desecho_id) values (5, 5);
insert into Celdas_admiten_desechos (celda_id, desecho_id) values (3, 6);
insert into Celdas_admiten_desechos (celda_id, desecho_id) values (14, 3);
insert into Celdas_admiten_desechos (celda_id, desecho_id) values (20, 2);
insert into Celdas_admiten_desechos (celda_id, desecho_id) values (19, 6);
insert into Celdas_admiten_desechos (celda_id, desecho_id) values (19, 3);
insert into Celdas_admiten_desechos (celda_id, desecho_id) values (16, 2);
insert into Celdas_admiten_desechos (celda_id, desecho_id) values (16, 2);
insert into Celdas_admiten_desechos (celda_id, desecho_id) values (14, 6);
insert into Celdas_admiten_desechos (celda_id, desecho_id) values (24, 2);
insert into Celdas_admiten_desechos (celda_id, desecho_id) values (16, 6);
insert into Celdas_admiten_desechos (celda_id, desecho_id) values (5, 6);
insert into Celdas_admiten_desechos (celda_id, desecho_id) values (18, 2);
insert into Celdas_admiten_desechos (celda_id, desecho_id) values (19, 3);
insert into Celdas_admiten_desechos (celda_id, desecho_id) values (10, 3);
insert into Celdas_admiten_desechos (celda_id, desecho_id) values (2, 5);
insert into Celdas_admiten_desechos (celda_id, desecho_id) values (20, 3);
insert into Celdas_admiten_desechos (celda_id, desecho_id) values (1, 1);
insert into Celdas_admiten_desechos (celda_id, desecho_id) values (5, 1);
insert into Celdas_admiten_desechos (celda_id, desecho_id) values (22, 4);
insert into Celdas_admiten_desechos (celda_id, desecho_id) values (23, 6);
insert into Celdas_admiten_desechos (celda_id, desecho_id) values (8, 2);
insert into Celdas_admiten_desechos (celda_id, desecho_id) values (23, 4);
insert into Celdas_admiten_desechos (celda_id, desecho_id) values (16, 2);
insert into Celdas_admiten_desechos (celda_id, desecho_id) values (14, 3);
insert into Celdas_admiten_desechos (celda_id, desecho_id) values (4, 4);
insert into Celdas_admiten_desechos (celda_id, desecho_id) values (8, 5);
insert into Celdas_admiten_desechos (celda_id, desecho_id) values (21, 6);
insert into Celdas_admiten_desechos (celda_id, desecho_id) values (19, 2);
insert into Celdas_admiten_desechos (celda_id, desecho_id) values (6, 6);
insert into Celdas_admiten_desechos (celda_id, desecho_id) values (19, 4);
insert into Celdas_admiten_desechos (celda_id, desecho_id) values (20, 1);
insert into Celdas_admiten_desechos (celda_id, desecho_id) values (17, 3);
insert into Celdas_admiten_desechos (celda_id, desecho_id) values (19, 3);
insert into Celdas_admiten_desechos (celda_id, desecho_id) values (22, 2);
insert into Celdas_admiten_desechos (celda_id, desecho_id) values (21, 4);
insert into Celdas_admiten_desechos (celda_id, desecho_id) values (8, 4);
insert into Celdas_admiten_desechos (celda_id, desecho_id) values (20, 6);
insert into Celdas_admiten_desechos (celda_id, desecho_id) values (22, 2);
insert into Celdas_admiten_desechos (celda_id, desecho_id) values (7, 5);
insert into Celdas_admiten_desechos (celda_id, desecho_id) values (9, 6);
insert into Celdas_admiten_desechos (celda_id, desecho_id) values (10, 6);
insert into Celdas_admiten_desechos (celda_id, desecho_id) values (16, 2);
insert into Celdas_admiten_desechos (celda_id, desecho_id) values (24, 2);
insert into Celdas_admiten_desechos (celda_id, desecho_id) values (25, 5);
insert into Celdas_admiten_desechos (celda_id, desecho_id) values (23, 3);
insert into Celdas_admiten_desechos (celda_id, desecho_id) values (22, 5);
insert into Celdas_admiten_desechos (celda_id, desecho_id) values (21, 6);
insert into Celdas_admiten_desechos (celda_id, desecho_id) values (19, 2);
insert into Celdas_admiten_desechos (celda_id, desecho_id) values (12, 4);
insert into Celdas_admiten_desechos (celda_id, desecho_id) values (10, 6);
insert into Celdas_admiten_desechos (celda_id, desecho_id) values (11, 3);
insert into Celdas_admiten_desechos (celda_id, desecho_id) values (12, 4);
insert into Celdas_admiten_desechos (celda_id, desecho_id) values (14, 2);
insert into Celdas_admiten_desechos (celda_id, desecho_id) values (9, 5);
insert into Celdas_admiten_desechos (celda_id, desecho_id) values (13, 3);
insert into Celdas_admiten_desechos (celda_id, desecho_id) values (19, 6);
insert into Celdas_admiten_desechos (celda_id, desecho_id) values (6, 6);
insert into Celdas_admiten_desechos (celda_id, desecho_id) values (6, 5);
insert into Celdas_admiten_desechos (celda_id, desecho_id) values (10, 1);
insert into Celdas_admiten_desechos (celda_id, desecho_id) values (12, 5);
insert into Celdas_admiten_desechos (celda_id, desecho_id) values (9, 6);
insert into Celdas_admiten_desechos (celda_id, desecho_id) values (21, 1);
insert into Celdas_admiten_desechos (celda_id, desecho_id) values (15, 6);
insert into Celdas_admiten_desechos (celda_id, desecho_id) values (19, 2);
insert into Celdas_admiten_desechos (celda_id, desecho_id) values (20, 1);
insert into Celdas_admiten_desechos (celda_id, desecho_id) values (19, 1);
insert into Celdas_admiten_desechos (celda_id, desecho_id) values (5, 5);
insert into Celdas_admiten_desechos (celda_id, desecho_id) values (24, 5);
insert into Celdas_admiten_desechos (celda_id, desecho_id) values (6, 5);
insert into Celdas_admiten_desechos (celda_id, desecho_id) values (21, 6);
insert into Celdas_admiten_desechos (celda_id, desecho_id) values (17, 1);

COMMIT;